time,temp,dwpt,rhum,prcp,snow,wdir,wspd,wpgt,pres,tsun,coco
2026-09-22 00:00:00,12.8,5.7,62,0,,30,17,31,1029.4,0,1
2026-09-22 01:00:00,12.9,5.1,59,0,,257,5,28,1029.1,0,1
2026-09-22 02:00:00,10,5.2,72,0,,297,8,18.5,1029.7,0,1
2026-09-22 03:00:00,8.3,4.7,78,0,,348,9,17,1029.8,0,1
2026-09-22 04:00:00,8.2,4.4,77,0,,260,4,14,1029.6,0,1
2026-09-22 05:00:00,6.5,4.3,86,0,,358,9,13,1029.8,0,1
2026-09-22 06:00:00,5.6,3.9,89,0,,348,11,12,1029.9,0,1
2026-09-22 07:00:00,5.9,3.9,87,0,,357,2,12,1029.6,0,1
2026-09-22 08:00:00,7.4,4.9,84,0,,282,2,13,1029.5,19,2
2026-09-22 09:00:00,11.2,6.1,71,0,,349,8,13,1029,35,2
2026-09-22 10:00:00,12.6,6.2,65,0,,33,6,14,1028.8,46,2
2026-09-22 11:00:00,15.1,6.4,56,0,,58,19,22.2,1028.5,50,2
2026-09-22 12:00:00,16.8,5.7,48,0,,60,23,33,1027.6,55,2
2026-09-22 13:00:00,17.9,5.8,45,0,,64,20,34,1026.9,56,2
2026-09-22 14:00:00,19.2,5.3,40,0,,81,17,31.5,1026.1,59,2
2026-09-22 15:00:00,20.4,3.1,32,0,,29,15,29,1025.6,58,1
2026-09-22 16:00:00,20.9,4.4,34,0,,60,17,28,1024.9,60,1
2026-09-22 17:00:00,20.6,2.4,30,0,,81,17,29.6,1024.6,60,1
2026-09-22 18:00:00,20.3,1.2,28,0,,85,16,28,1024.4,54,1
2026-09-22 19:00:00,19.3,1.3,30,0,,77,9,22,1024.8,37,1
2026-09-22 20:00:00,16.7,3.4,41,0,,84,9,22.2,1025.4,19,1
2026-09-22 21:00:00,15.3,4.1,47,0,,69,9,13,1026.2,0,1
2026-09-22 22:00:00,10.7,5,68,0,,22,8,13,1027.4,0,1
2026-09-22 23:00:00,11.8,4.8,62,0,,37,9,18.5,1027.3,0,1
2026-09-23 00:00:00,11.2,5.3,67,0,,10,12,21,1027.3,0,1
2026-09-23 01:00:00,10.8,5.8,71,0,,23,19,24,1027.1,0,1
2026-09-23 02:00:00,10.2,5.2,71,0,,308,8,14.8,1026.9,0,1
2026-09-23 03:00:00,9.1,4.7,74,0,,333,8,14,1026.8,0,1
2026-09-23 04:00:00,9.8,4.8,71,0,,315,9,18,1026.1,0,1
2026-09-23 05:00:00,8.5,4.3,75,0,,310,3,13,1026,0,1
2026-09-23 06:00:00,6.8,4.1,83,0,,327,4,12,1026.4,0,1
2026-09-23 07:00:00,5.4,3.6,88,0,,318,6,11,1026.7,0,1
2026-09-23 08:00:00,8.5,4.5,76,0,,344,10,11.1,1026.4,22,1
2026-09-23 09:00:00,10.3,4.9,69,0,,360,8,12,1026,43,1
2026-09-23 10:00:00,11.6,5.7,67,0,,15,6,12,1026.2,58,1
2026-09-23 11:00:00,14.8,6.4,57,0,,3,5,11.1,1025.7,60,1
2026-09-23 12:00:00,16.6,6.1,50,0,,321,6,14,1025,60,1
2026-09-23 13:00:00,17.6,4.9,43,0,,301,6,14,1024.8,60,1
2026-09-23 14:00:00,19.1,4.1,37,0,,254,5,14.8,1024.1,60,1
2026-09-23 15:00:00,21,3.7,32,0,,265,3,13,1023.1,60,1
2026-09-23 16:00:00,22,2.6,28,0,,96,5,18,1022.3,60,1
2026-09-23 17:00:00,22.1,1.7,26,0,,308,4,14.8,1021.8,60,1
2026-09-23 18:00:00,22.2,-0.5,22,0,,213,4,14,1021.5,60,1
2026-09-23 19:00:00,20.3,3.5,33,0,,224,5,13,1022.4,38,1
2026-09-23 20:00:00,16.6,5.2,47,0,,111,6,7.4,1023.4,16,1
2026-09-23 21:00:00,13.1,5.7,61,0,,137,8,11,1024.3,0,1
2026-09-23 22:00:00,13.9,6.5,61,0,,158,5,10,1024.9,0,1
2026-09-23 23:00:00,12.2,6.9,70,0,,140,9,9.3,1025.3,0,1
2026-09-24 00:00:00,11.1,7.4,78,0,,137,10,14,1025.4,0,1
2026-09-24 01:00:00,9.4,7.2,86,0,,135,7,10,1026,0,1
2026-09-24 02:00:00,9.4,7,85,0,,191,2,9.3,1025.8,0,1
2026-09-24 03:00:00,8.5,6.6,88,0,,72,2,8,1025.8,0,1
2026-09-24 04:00:00,6.6,5.5,93,0,,156,6,8,1025.8,0,1
2026-09-24 05:00:00,8.6,6.7,88,0,,144,9,7.4,1025.3,0,5
2026-09-24 06:00:00,7.2,5.8,91,0,,292,3,12,1025.8,0,5
2026-09-24 07:00:00,7,6.3,95,0,,154,3,6,1025.8,0,2
2026-09-24 08:00:00,8.4,6.7,89,0,,184,3,9.3,1025.6,15,2
2026-09-24 09:00:00,12.8,9.8,82,0,,200,4,10,1025.2,29,2
2026-09-24 10:00:00,14.1,9.7,75,0,,268,3,8,1025.1,37,2
2026-09-24 11:00:00,17.3,9.2,59,0,,218,8,16.7,1024.4,42,2
2026-09-24 12:00:00,19.9,7.6,45,0,,216,12,20,1023.5,41,2
2026-09-24 13:00:00,21.6,7,39,0,,253,17,28,1022.7,36,3
2026-09-24 14:00:00,21.2,7.8,42,0,,247,17,24.1,1022.1,28,3
2026-09-24 15:00:00,20.5,7.5,43,0,,282,13,27,1021.9,23,3
2026-09-24 16:00:00,19.8,8.5,48,0,,273,4,18,1021.7,17,3
2026-09-24 17:00:00,19.4,9,51,0,,272,5,22.2,1021.8,15,3
2026-09-24 18:00:00,19,8.3,50,0,,276,4,18,1022.3,8,4
2026-09-24 19:00:00,17.9,8.7,55,0,,143,8,14,1022.5,2,4
2026-09-24 20:00:00,17.2,8.9,58,0,,39,3,13,1023.1,1,4
2026-09-24 21:00:00,17.2,9.4,60,0,,61,12,24,1023.9,0,4
2026-09-24 22:00:00,16.3,9,62,0,,52,14,24,1023.9,0,3
2026-09-24 23:00:00,14.8,10,73,0,,76,17,16.7,1024.4,0,2
2026-09-25 00:00:00,10.5,8.4,87,0,,291,9,27,1025.1,0,2
2026-09-25 01:00:00,10.8,8.6,86,0,,329,8,17,1024.7,0,2
2026-09-25 02:00:00,9.9,7.8,87,0,,310,13,14.8,1024.3,0,1
2026-09-25 03:00:00,8.7,6.8,88,0,,317,12,17,1024.3,0,1
2026-09-25 04:00:00,8.2,6.5,89,0,,333,10,14,1024.1,0,2
2026-09-25 05:00:00,7.8,6.7,93,0,,324,6,11.1,1024.2,0,5
2026-09-25 06:00:00,8.1,6.1,87,0,,327,9,10,1024.1,0,5
2026-09-25 07:00:00,5.8,4.6,92,0,,319,6,11,1024.8,0,2
2026-09-25 08:00:00,8.2,6.7,90,0,,339,7,11.1,1024.7,9,2
2026-09-25 09:00:00,10.3,7.7,84,0,,302,6,11,1024.3,21,2
2026-09-25 10:00:00,13.2,8.1,71,0,,292,4,10,1023.7,36,2
2026-09-25 11:00:00,15.2,7.7,61,0,,306,3,13,1023,47,2
2026-09-25 12:00:00,17.4,7.4,52,0,,47,9,17,1022.2,54,2
2026-09-25 13:00:00,18.4,7.2,48,0,,73,6,18,1021.3,58,2
2026-09-25 14:00:00,20.7,6.2,39,0,,114,8,13,1020.3,60,2
2026-09-25 15:00:00,21.9,6.1,36,0,,296,7,16,1019.5,60,1
2026-09-25 16:00:00,21.7,4.7,33,0,,82,4,12,1019.4,60,1
2026-09-25 17:00:00,22.8,1.2,24,0,,345,5,13,1019,60,1
2026-09-25 18:00:00,21.8,1.4,26,0,,27,3,11,1019.4,60,1
2026-09-25 19:00:00,19.9,2.7,32,0,,102,3,9,1020,40,1
2026-09-25 20:00:00,14.7,4.4,50,0,,113,3,9.3,1021.4,16,1
2026-09-25 21:00:00,14.6,5.1,53,0,,145,6,9,1021.6,0,1
2026-09-25 22:00:00,12.8,5,59,0,,152,3,8,1022.1,0,1
2026-09-25 23:00:00,11.7,4.7,62,0,,28,1,9.3,1022.6,0,1
2026-09-26 00:00:00,9.4,4.8,73,0,,289,6,8,1022.9,0,1
2026-09-26 01:00:00,9.4,5.2,75,0,,269,2,8,1022.7,0,1
2026-09-26 02:00:00,7,4.8,86,0,,331,2,7.4,1023.2,0,1
2026-09-26 03:00:00,6.8,4.3,84,0,,300,7,9,1023.4,0,1
2026-09-26 04:00:00,7.3,5.3,87,0,,147,2,7,1023.3,0,1
2026-09-26 05:00:00,5.8,4,88,0,,320,3,5.5,1023.7,0,1
2026-09-26 06:00:00,6.2,4.7,90,0,,278,3,9,1023.9,0,1
2026-09-26 07:00:00,4.9,4.2,95,0,,127,3,6,1024,0,1
2026-09-26 08:00:00,5.9,4.5,91,0,,0,0,5.5,1024.2,21,1
2026-09-26 09:00:00,9.6,7,84,0,,323,4,8,1024.3,43,1
2026-09-26 10:00:00,13.4,7,65,0,,148,4,8,1023.5,60,1
2026-09-26 11:00:00,17.2,8.6,57,0,,136,5,11.1,1022.8,60,1
2026-09-26 12:00:00,20.7,8.3,45,0,,163,5,13,1022,60,1
2026-09-26 13:00:00,22.9,6.6,35,0,,221,7,16,1021.3,60,1
2026-09-26 14:00:00,25.1,4.8,27,0,,219,8,16.7,1020.4,60,1
2026-09-26 15:00:00,25.6,3.5,24,0,,271,5,17,1019.7,60,1
2026-09-26 16:00:00,25.9,2.5,22,0,,125,4,13,1019.3,60,1
2026-09-26 17:00:00,26.4,0.9,19,0,,202,4,14.8,1019,60,1
2026-09-26 18:00:00,25.8,1.8,21,0,,61,4,11,1019.2,51,1
2026-09-26 19:00:00,22.9,3.4,28,0,,67,4,8,1019.8,33,1
2026-09-26 20:00:00,19.6,5.3,39,0,,127,7,9.3,1020.7,15,1
2026-09-26 21:00:00,16.4,5.4,48,0,,167,2,8,1021.7,0,1
2026-09-26 22:00:00,14.2,5.8,57,0,,167,5,8,1022.4,0,1
2026-09-26 23:00:00,13.6,6.7,63,0,,94,4,7.4,1022.7,0,1
2026-09-27 00:00:00,10.4,5.4,71,0,,268,3,5,1023.3,0,1
2026-09-27 01:00:00,10.2,6.3,77,0,,297,1,5,1023.2,0,1
2026-09-27 02:00:00,8.9,5.6,80,0,,339,3,7.4,1023.4,0,1
2026-09-27 03:00:00,8,5.6,85,0,,308,2,5,1023.4,0,1
2026-09-27 04:00:00,7.7,5.3,85,0,,170,3,5,1023.5,0,1
2026-09-27 05:00:00,7.2,5.8,91,0,,169,3,5.5,1023.6,0,1
2026-09-27 06:00:00,6.7,5.3,91,0,,356,2,5,1023.6,0,1
2026-09-27 07:00:00,6.7,5.8,94,0,,264,1,3,1023.7,0,1
2026-09-27 08:00:00,6.1,5.1,93,0,,305,4,5.5,1024.2,17,1
2026-09-27 09:00:00,10.6,7.7,82,0,,347,2,5,1023.4,34,1
2026-09-27 10:00:00,14.2,7.5,64,0,,145,1,4,1022.8,54,1
2026-09-27 11:00:00,17.9,7.9,52,0,,115,3,7.4,1021.8,60,1
2026-09-27 12:00:00,20.5,7.5,43,0,,333,3,9,1020.9,60,1
2026-09-27 13:00:00,23.4,7.9,37,0,,175,7,13,1019.8,60,1
2026-09-27 14:00:00,24.7,7.3,33,0,,232,5,16.7,1019.1,60,1
2026-09-27 15:00:00,25.8,6.4,29,0,,242,5,13,1018.2,60,1
2026-09-27 16:00:00,27.5,6.8,27,0,,185,4,12,1017.5,60,1
2026-09-27 17:00:00,27.3,6.6,27,0,,146,7,16.7,1017.1,60,1
2026-09-27 18:00:00,26.9,7.3,29,0,,172,8,14,1016.8,49,1
2026-09-27 19:00:00,23.3,8.6,39,0,,173,10,13,1017.6,31,1
2026-09-27 20:00:00,21.2,8.8,45,0,,134,7,11.1,1018.3,14,1
2026-09-27 21:00:00,17.6,9,57,0,,147,5,13,1019.5,0,1
2026-09-27 22:00:00,16,9.2,64,0,,114,8,9,1020.2,0,1
2026-09-27 23:00:00,13.6,8.9,73,0,,283,2,9.3,1021.1,0,1
2026-09-28 00:00:00,12.9,8.6,75,0,,272,2,4,1021.3,0,1
2026-09-28 01:00:00,11.9,8.6,80,0,,278,1,7,1021.6,0,1
2026-09-28 02:00:00,11.4,8.1,80,0,,190,1,7.4,1021.7,0,1
2026-09-28 03:00:00,10.1,7.5,84,0,,234,1,6,1022,0,1
2026-09-28 04:00:00,8.7,7,89,0,,324,4,6,1022.2,0,1
2026-09-28 05:00:00,9.4,7.7,89,0,,333,5,5.5,1022.3,0,1
2026-09-28 06:00:00,8.6,8,96,0,,177,3,6,1022.2,0,5
2026-09-28 07:00:00,7.4,7,97,0,,137,3,8,1022.5,0,1
2026-09-28 08:00:00,8.1,7,93,0,,308,5,7.4,1022.9,18,1
2026-09-28 09:00:00,12.2,9.4,83,0,,227,1,5,1022.3,36,1
2026-09-28 10:00:00,16.1,9.7,66,0,,144,4,8,1021.7,53,1
2026-09-28 11:00:00,19.3,9.8,54,0,,247,5,9.3,1020.9,60,1
2026-09-28 12:00:00,22.7,9.8,44,0,,275,6,11,1019.9,60,2
2026-09-28 13:00:00,23.5,8.4,38,0,,294,4,14,1019.4,60,2
2026-09-28 14:00:00,25.4,7.9,33,0,,232,7,18.5,1018.5,60,2
2026-09-28 15:00:00,27.7,8,29,0,,283,8,15,1017.4,60,2
2026-09-28 16:00:00,28.7,6.7,25,0,,87,8,18,1016.7,60,1
2026-09-28 17:00:00,28.2,6.9,26,0,,72,9,16.7,1016.5,56,1
2026-09-28 18:00:00,27,7.4,29,0,,78,3,19,1016.7,45,1
2026-09-28 19:00:00,21.8,9,44,0,,290,5,9,1017.8,27,1
2026-09-28 20:00:00,20.8,9.1,47,0,,58,5,11.1,1018.5,11,2
2026-09-28 21:00:00,18.3,9.4,56,0,,149,3,7,1019.3,0,2
2026-09-28 22:00:00,15.7,9.4,66,0,,298,3,5,1020,0,2
2026-09-28 23:00:00,14.2,9.2,72,0,,262,4,7.4,1020.1,0,2
2026-09-29 00:00:00,13.2,9.3,77,0,,106,3,5,1020.4,0,2
2026-09-29 01:00:00,12.2,9.2,82,0,,58,3,6,1020.8,0,1
2026-09-29 02:00:00,11.4,8.8,84,0,,248,2,7.4,1021.2,0,1
2026-09-29 03:00:00,10.8,9.2,90,0,,203,1,4,1021.4,0,1
2026-09-29 04:00:00,10.9,9.3,90,0,,140,5,5,1021.8,0,1
2026-09-29 05:00:00,10.5,8.9,90,0,,173,6,7.4,1021.9,0,1
2026-09-29 06:00:00,9.7,8.5,92,0,,182,5,8,1021.9,0,1
2026-09-29 07:00:00,10.4,9.5,94,0,,61,3,5,1021.9,0,2
2026-09-29 08:00:00,10.3,9.1,92,0,,297,6,7.4,1022.3,16,2
2026-09-29 09:00:00,13.5,10.5,82,0,,312,3,6,1022,35,2
2026-09-29 10:00:00,16.1,11.3,73,0,,312,4,7,1021.6,51,2
2026-09-29 11:00:00,19.4,11.4,60,0,,239,3,9.3,1020.6,59,2
2026-09-29 12:00:00,22.4,11.8,51,0,,26,3,9,1019.7,60,2
2026-09-29 13:00:00,24,11.3,45,0,,298,5,12,1019.1,60,2
2026-09-29 14:00:00,25.6,10.2,38,0,,354,4,13,1018.4,60,2
2026-09-29 15:00:00,25.5,9.7,37,0,,100,3,9,1018.1,59,2
2026-09-29 16:00:00,25.8,10.8,39,0,,200,5,12,1018,50,2
2026-09-29 17:00:00,26.5,10.6,37,0,,214,5,13,1017.9,43,2
2026-09-29 18:00:00,24.8,10.6,41,0,,193,6,12,1018.2,34,2
2026-09-29 19:00:00,22.7,11.4,49,0,,173,5,8,1018.9,20,2
2026-09-29 20:00:00,18.6,11.9,65,0,,127,5,9.3,1019.7,7,2
2026-09-29 21:00:00,18.3,11.8,66,0,,113,5,6,1020.1,0,2
2026-09-29 22:00:00,18,11.8,67,0,,130,6,8,1020.4,0,2
2026-09-29 23:00:00,16.2,12,76,0,,155,7,5.5,1020.7,0,2
