date,tavg,tmin,tmax,prcp,snow,wdir,wspd,wpgt,pres,tsun
2019-01-01 00:00:00,4.5,4,5,0,,,8.6,30,1033.3,
2019-01-02 00:00:00,1.9,-4.3,4.4,2,,,12.6,43,1034.6,
2019-01-03 00:00:00,-3.1,-7.4,0.3,0,,,3.4,14.8,1039.6,
2019-01-04 00:00:00,-0.5,-4.1,2.2,0,,,5.3,14.8,1038.1,
2019-01-05 00:00:00,0.5,-0.3,1.7,3.6,,,7.9,32,1034.7,
2019-01-06 00:00:00,1.9,1.3,2.3,2.2,,,6.7,21,1034,
2019-01-07 00:00:00,2.2,1.5,3.3,0.1,,,4.8,17,1034.6,
2019-01-08 00:00:00,2.4,0.6,3.8,5,,,15.4,45,1024.5,
2019-01-09 00:00:00,1.3,-2.7,3,2.4,,,11.6,40.8,1017.5,
2019-01-10 00:00:00,-1.4,-3.3,-0.2,3.8,,,4,19,1023.7,
2019-01-11 00:00:00,-1.8,-4.7,-0.2,1,,,5.9,16,1028.3,
2019-01-12 00:00:00,1.1,-0.9,3.3,2.5,,,9.1,44,1027,
2019-01-13 00:00:00,3.7,1.6,6.2,11.3,,,23.7,67,1015.9,
2019-01-14 00:00:00,3.9,0,6.5,13.7,,,14.1,61,1015,
2019-01-15 00:00:00,1.8,-0.4,5.6,0,,,6.6,19,1024.9,
2019-01-16 00:00:00,0.1,-4,7,0,,,6,17,1018.1,
2019-01-17 00:00:00,4.4,1.6,7,1.8,,,14.2,55,1012.3,
2019-01-18 00:00:00,0.1,-3,2.4,0.3,,,9.2,29,1019.6,
2019-01-19 00:00:00,-3.6,-6.3,0.7,0,,,4,14.8,1017.6,
2019-01-20 00:00:00,-3.1,-6,0.3,0.1,,,4.8,13,1016.5,
2019-01-21 00:00:00,-0.8,-2.8,1.9,0,,,6.9,16,1020.3,
2019-01-22 00:00:00,-1.2,-2,-0.4,0,,,4.2,16,1012.4,
2019-01-23 00:00:00,-2.1,-4.5,-0.6,0,,,7,21,999.8,
2019-01-24 00:00:00,-1.7,-2.4,-0.6,0.8,,,8.1,27,1009.4,
2019-01-25 00:00:00,-2.3,-5.5,0.9,0,,,5.5,23,1019,
2019-01-26 00:00:00,0.6,-1.9,3.5,0.3,,,8.3,20.4,1016.4,
2019-01-27 00:00:00,4.1,1.4,7.3,2.1,,,17.2,59,998.5,
2019-01-28 00:00:00,1.3,0.6,2.7,0.6,,,19.2,49,1003.7,
2019-01-29 00:00:00,0.8,-3.6,3.4,0,,,7.4,30,1007.6,
2019-01-30 00:00:00,0.3,-2.3,3.4,0,,,14.6,63,999.1,
2019-01-31 00:00:00,-1,-5.3,2.2,0.4,,,7,20,999.1,
2019-02-01 00:00:00,1.3,-0.2,2.8,3.4,,,6.6,23,992.5,
2019-02-02 00:00:00,1,-1.3,2.9,0.4,,,5.6,18,997.7,
2019-02-03 00:00:00,0.9,-0.4,2.6,12.4,,,7.2,31,1015.8,
2019-02-04 00:00:00,-1.3,-4.4,1,0.4,,,7.2,22,1030.4,
2019-02-05 00:00:00,-2.9,-5.7,-1.3,0,,,4.6,17,1031.6,
2019-02-06 00:00:00,-3.1,-3.9,-2,0,,,3.9,14,1029.9,
2019-02-07 00:00:00,-0.1,-3.5,3.7,4.1,,,8.5,34,1021.7,
2019-02-08 00:00:00,2.7,-1.1,7.8,0,,,8,31,1021.2,
2019-02-09 00:00:00,6.7,-0.3,10.5,0.3,,,17.9,67,1016.5,
2019-02-10 00:00:00,6.4,3.5,10.7,5.3,,,16.4,81,1008.9,
2019-02-11 00:00:00,2.6,0.6,6.1,6.7,,,12.5,58,1022,
2019-02-12 00:00:00,2.3,-1.2,5.8,0,,,7.5,26,1036.1,
2019-02-13 00:00:00,0.9,-4.7,7.7,0,,,5.2,25,1038.6,
2019-02-14 00:00:00,1.8,-3.8,10.4,0,,,4,13,1038.2,
2019-02-15 00:00:00,2.4,-4.2,10.9,0,,,3,13,1034.7,
2019-02-16 00:00:00,3.5,-3.9,14.7,0,,,3.5,13,1031.4,
2019-02-17 00:00:00,3.5,-3.9,14.7,0,,,3.7,14,1028,
2019-02-18 00:00:00,3.6,-3.5,13.7,0,,,4.8,16,1023.5,
2019-02-19 00:00:00,5.9,-0.2,13,0,,,8.7,22,1023,
2019-02-20 00:00:00,4.6,-1.8,12.5,0,,,4,17,1026,
2019-02-21 00:00:00,5.9,-2.1,15,0,,,4.9,17,1030.1,
2019-02-22 00:00:00,8,4.8,12,0,,,8,31,1034,
2019-02-23 00:00:00,6,3.6,10.4,0,,,17.4,57,1035.5,
2019-02-24 00:00:00,4,-2.5,11.2,0,,,8.2,31.5,1036.9,
2019-02-25 00:00:00,6.6,-1.6,15.1,0,,,9.1,33,1036.2,
2019-02-26 00:00:00,5.8,-2.4,15.7,0,,,5.1,28,1034.5,
2019-02-27 00:00:00,6.7,-2,17.3,0,,,5.7,26,1028.7,
2019-02-28 00:00:00,9.1,0.7,18.4,0,,,15.2,46,1022.4,
2019-03-01 00:00:00,7.6,5.6,9.6,9.9,,,18.3,60,1019.2,
2019-03-02 00:00:00,7.2,4,10.2,0.1,,,9.6,33,1020.6,
2019-03-03 00:00:00,9.8,5.7,13.9,0,,,14,44,1017.2,
2019-03-04 00:00:00,7.6,4.3,13.9,1.5,,,23.9,82,1007.7,
2019-03-05 00:00:00,7.7,3.9,11.8,1.6,,,20.5,70,1013.8,
2019-03-06 00:00:00,5.8,-1.4,12.3,0,,,6,18.5,1009.2,
2019-03-07 00:00:00,7.4,0.3,12,1.5,,,16.2,63,1006.2,
2019-03-08 00:00:00,7.4,5.7,10,0.7,,,13.6,54,1018.2,
2019-03-09 00:00:00,8.9,6.8,11.1,2.3,,,22.3,60,1022.2,
2019-03-10 00:00:00,10.4,7.2,13.8,17.1,,,27.8,85.2,1017.3,
2019-03-11 00:00:00,3.5,0.6,6.8,1.3,,,17,64,1025.4,
2019-03-12 00:00:00,4.4,-1.5,9.1,0,,,9.4,47,1023.7,
2019-03-13 00:00:00,5.4,3,9.8,8.2,,,19.7,70,1016.2,
2019-03-14 00:00:00,4,3.4,5,17.5,,,22.2,66.7,1015.7,
2019-03-15 00:00:00,8.2,4.8,10.6,20.8,,,22.3,66.7,1016,
2019-03-16 00:00:00,12,8.7,16.8,,,,20.7,64.8,1016.4,
2019-03-17 00:00:00,7.7,3,13.7,,,,13.7,86,1010.9,
2019-03-18 00:00:00,3.9,0.7,7.1,0,,,9.4,36,1021.8,
2019-03-19 00:00:00,2.6,-3,9.2,0,,,7.6,30,1028.4,
2019-03-20 00:00:00,4.1,-3,10.5,0,,,12.8,48,1033.6,
2019-03-21 00:00:00,5.8,-1.4,13.1,0,,,11.9,39,1032.2,
2019-03-22 00:00:00,7.3,-1.5,17.6,0,,,3.8,16,1030.4,
2019-03-23 00:00:00,8.9,0,18.5,0,,,2.6,14.8,1028,
2019-03-24 00:00:00,9.4,0.5,18,0,,,7.8,33,1024.2,
2019-03-25 00:00:00,7,2.7,11.7,0,,,10.8,52,1023.7,
2019-03-26 00:00:00,4.8,0.2,9,0.2,,,11,31,1029.7,
2019-03-27 00:00:00,5.5,-1.1,11,0,,,15.2,44.5,1031.3,
2019-03-28 00:00:00,7.7,0,14.5,0,,,18.3,59,1031.3,
2019-03-29 00:00:00,8.8,1.5,16.2,0,,,7.4,53,1028.8,
2019-03-30 00:00:00,8.9,0,18.1,0,,,3.9,28,1024.6,
2019-03-31 00:00:00,10.3,0.4,19.1,0,,,10.2,41,1019.6,
2019-04-01 00:00:00,10.6,4.2,17.1,0,,,11.1,35,1016.7,
2019-04-02 00:00:00,11.2,1.5,19,0.4,,,7,58,1011.3,
2019-04-03 00:00:00,9.5,4.6,15.1,0,,,11,50,1004.1,
2019-04-04 00:00:00,2.2,0.3,4.4,15.4,,,7.7,27,1002.1,
2019-04-05 00:00:00,4.5,1.5,8.6,0,,,7.3,27,1005.4,
2019-04-06 00:00:00,5.8,-2.8,14.4,0,,,6.9,26,1004.2,
2019-04-07 00:00:00,8.3,2.3,13,0,,,9.8,31,1005.7,
2019-04-08 00:00:00,10.1,7.5,14.2,0,,,7.3,21,1010.6,
2019-04-09 00:00:00,9.5,6.5,13.4,3.1,,,6.1,18.5,1010,
2019-04-10 00:00:00,7.8,3.7,10.4,1.4,,,7.8,27,1010.2,
2019-04-11 00:00:00,8.7,6.7,10.9,0.7,,,17.7,38,1014.9,
2019-04-12 00:00:00,7.1,2.6,10.7,0,,,12,32,1018.2,
2019-04-13 00:00:00,5.7,2.9,9.2,0.9,,,11,33,1018.5,
2019-04-14 00:00:00,2.5,0.9,3.8,10.7,,,6.5,24.1,1020.4,
2019-04-15 00:00:00,6.9,-0.1,14.6,0,,,9.6,36,1020.8,
2019-04-16 00:00:00,9.2,0.6,16.5,0,,,8.2,33,1018.4,
2019-04-17 00:00:00,12.3,8.7,17.8,2,,,8.8,30,1020.8,
2019-04-18 00:00:00,13,3.6,21,0,,,9.2,32,1021,
2019-04-19 00:00:00,13.7,4.5,22.4,0,,,5.9,32,1025.1,
2019-04-20 00:00:00,14.8,4.2,22.7,0,,,10.2,39,1024.8,
2019-04-21 00:00:00,15.3,7.8,22.1,0,,,9,27.8,1017.6,
2019-04-22 00:00:00,14.5,3.9,22.4,0,,,9.2,38,1006.5,
2019-04-23 00:00:00,15.8,8.9,23.1,0,,,6.5,24,997.6,
2019-04-24 00:00:00,13.9,7.5,24.1,0,,,11.8,74,1002.9,
2019-04-25 00:00:00,12.5,2.5,22.3,0,,,13.6,50,1008.5,
2019-04-26 00:00:00,7.2,3.8,8.9,12.2,,,9,30,1017,
2019-04-27 00:00:00,7.6,2.9,12.5,4.7,,,12.7,57,1020,
2019-04-28 00:00:00,6.4,4.3,9.9,1.4,,,11.4,37,1022.1,
2019-04-29 00:00:00,6.9,3.9,10.1,0.2,,,5.6,20.4,1022.8,
2019-04-30 00:00:00,9.1,6.5,12.9,0,,,4.4,14.8,1020.5,
2019-05-01 00:00:00,10.2,2.7,18.1,0,,,6.4,40,1016.6,
2019-05-02 00:00:00,10,2.4,17.9,4.6,,,7.7,54,1012.5,
2019-05-03 00:00:00,9.2,7.6,11.1,5.6,,,7.9,32,1012.3,
2019-05-04 00:00:00,6.6,1.5,10.4,6.2,,,11.9,51,1009.9,
2019-05-05 00:00:00,4.3,0.7,8.1,1.2,,,11.8,44,1017.3,
2019-05-06 00:00:00,5,-0.9,10.4,0,,,4.7,22,1021.6,
2019-05-07 00:00:00,7.5,-1.4,15,0,,,4.1,23,1018.5,
2019-05-08 00:00:00,8.6,5.7,10.5,26.4,,,7.3,42,1008.8,
2019-05-09 00:00:00,10.5,5.7,15.5,1.7,,,18.1,67,1005.5,
2019-05-10 00:00:00,11.4,8.5,14.6,3,,,7.8,37,1012.3,
2019-05-11 00:00:00,11,8.2,15.1,9.6,,,13.2,82,1013.8,
2019-05-12 00:00:00,9.1,4.9,13.2,,,,11.6,36,1028.2,
2019-05-13 00:00:00,9.5,3.9,13.5,0,,,21.3,63,1031.5,
2019-05-14 00:00:00,9.5,4.7,13.7,0,,,21.6,53.7,1027.1,
2019-05-15 00:00:00,8.9,5.3,11.7,0,,,19.8,51.8,1021.7,
2019-05-16 00:00:00,8.7,2.1,13.9,0,,,11.3,39,1014.5,
2019-05-17 00:00:00,11.4,3.1,20.6,9.2,,,9.5,55,1006.5,
2019-05-18 00:00:00,13.1,7.6,18.7,0,,,5.1,20.4,1005,
2019-05-19 00:00:00,13.9,11.2,18.4,15.8,,,6.6,27,1004.4,
2019-05-20 00:00:00,12.2,11.5,12.8,24.1,,,11.5,38,1006.4,
2019-05-21 00:00:00,11.7,10.6,13,12.4,,,11.4,37,1013.7,
2019-05-22 00:00:00,14.3,10.8,18.7,1.8,,,6.2,27,1018.4,
2019-05-23 00:00:00,14.4,6.9,20.8,0,,,8.1,26,1018.2,
2019-05-24 00:00:00,14.9,6.6,22.5,0,,,5.3,24,1014.6,
2019-05-25 00:00:00,14.3,11.2,19,3.1,,,4.9,33,1015.6,
2019-05-26 00:00:00,15.5,11.1,20.4,0,,,5.7,22,1016.1,
2019-05-27 00:00:00,15.9,9.7,20.9,0,,,6.8,24,1010.8,
2019-05-28 00:00:00,12.8,9.5,15.2,10.6,,,10.9,34,1010.2,
2019-05-29 00:00:00,11,8.7,15,,,,6.6,37,1020.1,
2019-05-30 00:00:00,12.3,6.5,19.2,0.1,,,4,19,1026.5,
2019-05-31 00:00:00,16.6,10,23.1,0,,,7.7,31,1025.3,
2019-06-01 00:00:00,18.2,9.5,25.8,0,,,7.1,26,1021.6,
2019-06-02 00:00:00,19.7,10.1,28.4,0,,,3.7,24,1017.3,
2019-06-03 00:00:00,20.5,11.9,29.4,0,,,6.6,57,1015.1,
2019-06-04 00:00:00,21.5,12.7,29.6,0,,,5.8,24.1,1010.6,
2019-06-05 00:00:00,22.5,13.6,29.3,0,,,10.6,46,1005.3,
2019-06-06 00:00:00,14.2,12.1,20.4,0,,,13.2,54,1013.6,
2019-06-07 00:00:00,15.1,8.5,24.6,1,,,11.2,63,1012.9,
2019-06-08 00:00:00,16.4,12.2,22.3,0,,,8.9,36,1022.7,
2019-06-09 00:00:00,13,8.3,16.5,6,,,6.3,24,1022.2,
2019-06-10 00:00:00,14.6,12,18.3,15.4,,,6.5,23,1015.3,
2019-06-11 00:00:00,14,10.4,16.3,25.3,,,8.7,24,1011.6,
2019-06-12 00:00:00,15.3,11.5,20,5.8,,,8.1,30,1011.1,
2019-06-13 00:00:00,17.8,12.4,23.6,0,,,5.5,34,1014.5,
2019-06-14 00:00:00,19.1,9.8,26.5,0,,,7.5,36,1014.1,
2019-06-15 00:00:00,18.8,14.1,22.8,17,,,11.3,71,1014.4,
2019-06-16 00:00:00,16.6,13.7,21.7,0.6,,,7,19,1021.2,
2019-06-17 00:00:00,18.3,11.5,24.7,0,,,12.2,36,1018.1,
2019-06-18 00:00:00,20.3,12.4,28,0,,,5.4,39,1014.6,
2019-06-19 00:00:00,22,12.3,29.2,0,,,7.4,26,1011.1,
2019-06-20 00:00:00,18.2,14.7,21.6,13.8,,,9.3,73,1014.3,
2019-06-21 00:00:00,18.5,13.2,23.2,0,,,7,28,1016.8,
2019-06-22 00:00:00,17.3,15.3,19.2,11.3,,,6.4,27,1016.4,
2019-06-23 00:00:00,19.5,13.5,25.2,0.2,,,8.2,32,1016.6,
2019-06-24 00:00:00,22,13.9,29.3,0,,,8.1,24,1017.6,
2019-06-25 00:00:00,24.2,15.4,32.6,0,,,5.7,26,1018.5,
2019-06-26 00:00:00,26,17.9,34.1,0,,,4.7,24,1021.2,
2019-06-27 00:00:00,26.7,18.1,34.3,0,,,6,23,1020.4,
2019-06-28 00:00:00,25.1,18.2,29.8,0,,,12.6,36,1019.6,
2019-06-29 00:00:00,23.6,14.8,30.9,0,,,11.2,34,1017.2,
2019-06-30 00:00:00,25.3,15.7,33.6,0,,,6.2,29.6,1015.9,
2019-07-01 00:00:00,26.9,21.9,32.4,0,,,9.3,37,1015.4,
2019-07-02 00:00:00,22.1,16.4,27.1,45.1,,,8.2,30,1017.7,
2019-07-03 00:00:00,21,15.4,25.9,0,,,13.2,35,1018.3,
2019-07-04 00:00:00,21.1,15.9,26.8,0,,,10.5,33,1019,
2019-07-05 00:00:00,22.1,13.1,29.5,0,,,6.2,28,1016.7,
2019-07-06 00:00:00,19.8,13.5,25.7,0,,,6.6,84,1013.4,
2019-07-07 00:00:00,20.4,16.5,26.2,17,,,11.1,46,1012,
2019-07-08 00:00:00,18.7,14.1,23,0,,,9.6,30,1015.4,
2019-07-09 00:00:00,17.8,13.6,22.1,0,,,11.5,32,1016.4,
2019-07-10 00:00:00,16.9,10.5,22.6,,,,11.3,32,1017.9,
2019-07-11 00:00:00,15.9,10,20.9,0.5,,,4.4,17,1015.8,
2019-07-12 00:00:00,18,12.1,23.6,0.1,,,9.6,46,1013.9,
2019-07-13 00:00:00,18.1,13.4,22.5,1.3,,,9.2,40,1016.8,
2019-07-14 00:00:00,17.2,10.9,23.9,3,,,14,48,1015,
2019-07-15 00:00:00,17.3,13,23.6,8.9,,,11.8,35,1014.7,
2019-07-16 00:00:00,18.6,11.3,25.7,0,,,7,18,1016.2,
2019-07-17 00:00:00,19.8,12.2,27,0,,,6.1,28,1013.4,
2019-07-18 00:00:00,20,12,27.3,0,,,6,29,1012.7,
2019-07-19 00:00:00,21.9,15.9,27.5,0,,,6.6,27,1014.7,
2019-07-20 00:00:00,22.4,12.6,31,0,,,7.8,39,1014.6,
2019-07-21 00:00:00,22,18.2,26.9,6.7,,,5.9,27,1020.3,
2019-07-22 00:00:00,22.8,15.5,29.8,0,,,3.5,17,1022.5,
2019-07-23 00:00:00,23.7,15.2,31.9,0,,,6.9,25,1019.2,
2019-07-24 00:00:00,25.2,16.1,34.6,0,,,4.4,21,1015.6,
2019-07-25 00:00:00,25.9,16.6,34.8,0,,,7.9,36,1013.9,
2019-07-26 00:00:00,26.2,18.7,33.3,0,,,9.4,58,1009.4,
2019-07-27 00:00:00,21.4,17.9,26.8,1.9,,,8.9,44,1004.1,
2019-07-28 00:00:00,17.2,15.4,18.6,15.6,,,11,41,1003.7,
2019-07-29 00:00:00,19.2,15,24.3,0.1,,,7.1,24,1011.3,
2019-07-30 00:00:00,21.6,16.9,27.8,0,,,9.1,49,1013.3,
2019-07-31 00:00:00,18.8,15.5,23.2,6.2,,,6.8,24,1017.9,
2019-08-01 00:00:00,19.8,13.2,25.6,0,,,5.3,22,1016.9,
2019-08-02 00:00:00,18.6,14.5,21.8,0.4,,,8,27,1015.3,
2019-08-03 00:00:00,20,12.9,25.8,0,,,8.9,37,1015.6,
2019-08-04 00:00:00,20,11.9,27.1,0,,,5,21,1015.5,
2019-08-05 00:00:00,22.6,15.4,30.3,2,,,7.4,34,1013.2,
2019-08-06 00:00:00,19.8,17.4,23.5,47.6,,,7.6,38,1013.2,
2019-08-07 00:00:00,18.1,15.6,20.3,13.9,,,6.4,33,1011.5,
2019-08-08 00:00:00,20.1,16.2,25.9,0.1,,,4,16,1013.5,
2019-08-09 00:00:00,22.6,13.8,32.2,0,,,4.9,24,1011.4,
2019-08-10 00:00:00,20.3,16.5,25.2,14.9,,,9.6,33,1016.9,
2019-08-11 00:00:00,19.4,13.2,27,4.2,,,9.7,60,1016,
2019-08-12 00:00:00,16.4,14.3,19.5,3.9,,,7.2,23,1017.6,
2019-08-13 00:00:00,15.9,11.4,20.9,0,,,7.8,27,1019.7,
2019-08-14 00:00:00,15.9,10.2,21.8,0,,,3.6,18,1019.5,
2019-08-15 00:00:00,15.6,9.6,21.5,2.4,,,7.4,54,1017.1,
2019-08-16 00:00:00,18,12.8,23.5,0,,,4.7,18,1018.5,
2019-08-17 00:00:00,18.6,13.1,23,0,,,5.3,22.2,1014.5,
2019-08-18 00:00:00,22.2,14,31,0,,,6.6,34,1010.5,
2019-08-19 00:00:00,18.8,16.5,22.5,47.9,,,9.3,46,1017.6,
2019-08-20 00:00:00,15.5,13.9,16.5,9.6,,,7.2,22,1023.1,
2019-08-21 00:00:00,15.8,11.3,20.6,0.2,,,15.2,53,1026.5,
2019-08-22 00:00:00,15.4,11.8,20,0,,,9,25.9,1024.8,
2019-08-23 00:00:00,16.3,11.2,22.4,0,,,8.8,33,1024.1,
2019-08-24 00:00:00,17.3,11.1,24.2,0,,,3.9,17,1020.6,
2019-08-25 00:00:00,19,11.3,27.8,0,,,3,17,1019,
2019-08-26 00:00:00,19.8,11.7,28.3,0,,,4.4,20,1018.2,
2019-08-27 00:00:00,20.8,12.3,29.4,0,,,3.9,21,1017,
2019-08-28 00:00:00,23.5,19.3,29.6,0,,,5.2,22,1016.1,
2019-08-29 00:00:00,22.1,18.7,26.3,0,,,9,35,1019.1,
2019-08-30 00:00:00,20.9,13.7,28.2,0,,,5.4,23,1020.8,
2019-08-31 00:00:00,21,13.7,28.7,0,,,6.1,24,1015.7,
2019-09-01 00:00:00,20,16.3,24.3,3.9,,,7.7,31,1014.4,
2019-09-02 00:00:00,16.2,12.7,17.4,0.6,,,7.1,27,1021.2,
2019-09-03 00:00:00,14.4,8.2,21.8,0,,,5.8,22,1024.7,
2019-09-04 00:00:00,15.9,8.2,24.6,0,,,5.3,20.4,1018.9,
2019-09-05 00:00:00,13.4,9.8,16,0.5,,,7.2,23,1019.9,
2019-09-06 00:00:00,13.1,11.1,16.1,1.8,,,9.4,29.6,1022.4,
2019-09-07 00:00:00,14.6,12.2,19.1,0,,,5.4,28,1019.5,
2019-09-08 00:00:00,11.3,10.5,12.8,32.3,,,7.2,24,1017.9,
2019-09-09 00:00:00,12.3,9.9,16.7,0.5,,,8.6,28,1016.8,
2019-09-10 00:00:00,14,9,20.3,0,,,7.9,29,1016.5,
2019-09-11 00:00:00,14.4,8,21.1,0,,,6.6,25,1023.9,
2019-09-12 00:00:00,16.5,9,23.5,0,,,3.3,14.8,1030.5,
2019-09-13 00:00:00,17,8.6,25.2,0,,,4.1,18.5,1031.2,
2019-09-14 00:00:00,18,12.1,24.5,0,,,8.1,26,1028.8,
2019-09-15 00:00:00,18.5,11.8,26.9,0,,,5,23,1024.4,
2019-09-16 00:00:00,19.6,13.1,27.4,0,,,5.5,26,1019.7,
2019-09-17 00:00:00,17.9,11.6,24.7,0,,,7.1,26,1018.3,
2019-09-18 00:00:00,14.8,11.6,18.3,0,,,16.2,40,1021.9,
2019-09-19 00:00:00,12.2,5.9,17.7,0,,,17.2,46,1025.2,
2019-09-20 00:00:00,11.6,3.8,18.4,0.3,,,12.1,35,1025.7,
2019-09-21 00:00:00,12.3,3.5,21.2,0,,,6.1,17,1019.9,
2019-09-22 00:00:00,16.2,9.9,23.8,0,,,4.8,14.8,1011.9,
2019-09-23 00:00:00,14.4,11.7,18.4,20.7,,,9.2,50,1017.2,
2019-09-24 00:00:00,11.6,7.5,15.3,2,,,5.7,21,1015.3,
2019-09-25 00:00:00,14.7,12.7,18.7,5.6,,,8.3,43,1011.9,
2019-09-26 00:00:00,15.1,12.6,18,7.3,,,8.1,26,1015.2,
2019-09-27 00:00:00,17.2,14.7,22.6,3.2,,,10.3,44,1015.1,
2019-09-28 00:00:00,15.1,11.4,18.8,14.1,,,8.2,37,1018.6,
2019-09-29 00:00:00,15.9,7.7,23.5,0,,,10.6,51,1012.7,
2019-09-30 00:00:00,16,9.1,19.2,1.2,,,15.3,59.3,1014.1,
2019-10-01 00:00:00,14.1,7.3,22.5,3.8,,,7.4,35,1010.5,
2019-10-02 00:00:00,13.4,9.4,17.4,10.2,,,12.8,52,1010.2,
2019-10-03 00:00:00,8.1,3.6,12.9,0.2,,,5.4,37,1020.4,
2019-10-04 00:00:00,9.2,5.9,12.2,2.6,,,9.5,45,1013.9,
2019-10-05 00:00:00,12.1,10.3,14.6,5,,,13,37,1014.4,
2019-10-06 00:00:00,11.3,9,14.6,7.9,,,7.5,39,1015.4,
2019-10-07 00:00:00,10.7,7.5,14.1,8.2,,,6,48,1018.5,
2019-10-08 00:00:00,12.9,8.7,17.9,0.2,,,8.7,29,1016.3,
2019-10-09 00:00:00,12.3,10.4,17.1,28.5,,,11.1,46,1015,
2019-10-10 00:00:00,11.3,7.2,15.1,1,,,16.1,49,1019.8,
2019-10-11 00:00:00,9.9,3.3,18,0,,,6.1,22,1021.7,
2019-10-12 00:00:00,13.2,6.4,20.6,0,,,9.5,36,1018.5,
2019-10-13 00:00:00,15.2,10,22.3,0,,,7.6,23,1017.1,
2019-10-14 00:00:00,13.5,7.5,21.6,0,,,3.6,14,1015.7,
2019-10-15 00:00:00,11.7,8.2,16.6,11.5,,,9.6,41,1010.5,
2019-10-16 00:00:00,11.1,7.2,16.3,0.5,,,9.3,33,1017.2,
2019-10-17 00:00:00,11.6,5,18.8,2.9,,,5.1,19,1016.7,
2019-10-18 00:00:00,13,10.2,16.4,2.3,,,6,33,1014.8,
2019-10-19 00:00:00,12.4,10.9,15.7,16,,,8.5,28,1011.5,
2019-10-20 00:00:00,11.4,8.8,15,0,,,5.2,16.7,1009.1,
2019-10-21 00:00:00,12.8,9.5,15.7,1.2,,,7.1,36,1018.4,
2019-10-22 00:00:00,13.1,10.8,14.6,0.7,,,6.9,26,1022.6,
2019-10-23 00:00:00,12.6,9.8,15.7,0,,,7.8,20,1015.3,
2019-10-24 00:00:00,13.2,10.8,16.3,0.1,,,6.7,21,1013,
2019-10-25 00:00:00,12.8,8.7,17.3,0.8,,,5.3,19,1022.5,
2019-10-26 00:00:00,10.3,5.3,18.3,0.1,,,3.2,13,1022.9,
2019-10-27 00:00:00,12.8,7.2,18.9,0.1,,,7.2,23,1021.5,
2019-10-28 00:00:00,10.8,8,12.9,3.1,,,7.5,27,1019.8,
2019-10-29 00:00:00,7.4,6.4,8.4,5.4,,,10.5,24,1020.6,
2019-10-30 00:00:00,6.8,6.2,7.6,12.4,,,9.3,25.9,1023.5,
2019-10-31 00:00:00,6.6,5.7,7.7,0.2,,,9.4,24,1021.2,
2019-11-01 00:00:00,9.7,6.6,12.8,1.1,,,6.3,31,1013.6,
2019-11-02 00:00:00,13.6,11.1,16.7,5.5,,,12.3,41,1000.3,
2019-11-03 00:00:00,10.4,9.4,13.3,8.3,,,13.3,55,992,
2019-11-04 00:00:00,10.7,8.5,13.3,2.3,,,16.7,49,996.7,
2019-11-05 00:00:00,8.7,5.9,12.1,8,,,7.5,49,999.9,
2019-11-06 00:00:00,7.4,5.5,9.4,1,,,7.7,28,1005.8,
2019-11-07 00:00:00,5.7,0.6,8.5,1.4,,,7.4,24,1005.8,
2019-11-08 00:00:00,4.4,3.3,5.6,14.5,,,5.4,22,1006.9,
2019-11-09 00:00:00,4,-0.5,7.4,0,,,4.2,14.8,1012,
2019-11-10 00:00:00,2,-0.3,4.4,0,,,3.7,15,1013.4,
2019-11-11 00:00:00,3.7,2.5,6.6,0.1,,,5.6,27,1012.8,
2019-11-12 00:00:00,4.9,2.2,9.1,0.5,,,7.9,29,1008.9,
2019-11-13 00:00:00,2.8,-0.9,6.6,0,,,5.5,32,1006.7,
2019-11-14 00:00:00,1.4,-3.9,5.9,0,,,6.7,20.4,1002.5,
2019-11-15 00:00:00,3.5,-0.2,6.1,0.3,,,7.5,31,1000.4,
2019-11-16 00:00:00,2.3,-1.3,7.4,0,,,5.8,18,1010,
2019-11-17 00:00:00,3.1,0.7,4.8,2.4,,,7.9,20,1007.5,
2019-11-18 00:00:00,4.3,1.6,7.3,0.1,,,9.9,48,1012,
2019-11-19 00:00:00,2,-2.8,6.1,0,,,4.3,13,1018.6,
2019-11-20 00:00:00,4.8,3.4,5.8,0,,,5.6,23,1015.5,
2019-11-21 00:00:00,4.2,3.3,5,0,,,4,17,1011.2,
2019-11-22 00:00:00,4.3,3,5.6,0,,,9.1,28,1008.1,
2019-11-23 00:00:00,4.2,1.4,6.8,0,,,9,27,998.3,
2019-11-24 00:00:00,4.6,1.2,8.9,0,,,3.9,14,1007.1,
2019-11-25 00:00:00,5.7,1.8,7.4,0,,,4.2,15,1011.5,
2019-11-26 00:00:00,6.3,3.5,9.8,0.1,,,5.5,17,1010,
2019-11-27 00:00:00,8.5,5,12.2,,,,13.4,39,1001.6,
2019-11-28 00:00:00,8.9,7.6,10.3,2.2,,,19.3,50,1003.8,
2019-11-29 00:00:00,7.2,4.5,8.8,10.7,,,14.8,49,1012.4,
2019-11-30 00:00:00,3.7,0.2,6.4,0.3,,,7.9,28,1022.7,
2019-12-01 00:00:00,1.8,0.3,3,0.8,,,6.7,32,1017.7,
2019-12-02 00:00:00,2.3,-1.3,3.1,1.8,,,11,35,1024.7,
2019-12-03 00:00:00,-0.5,-4.1,4,0,,,7.5,31.5,1029,
2019-12-04 00:00:00,-1.4,-4.8,0.4,,,,4.4,17,1024.1,
2019-12-05 00:00:00,0.2,-0.4,1.3,0,,,6.8,19,1025.2,
2019-12-06 00:00:00,2.1,-0.5,6.4,0,,,9.2,22.2,1022.7,
2019-12-07 00:00:00,7.1,3.5,10.5,0.9,,,8.9,39,1020,
2019-12-08 00:00:00,7.5,3.3,10.7,0.1,,,14.5,61,1016.1,
2019-12-09 00:00:00,6.7,4.7,9.7,5.2,,,22.5,69,1010.3,
2019-12-10 00:00:00,2.1,-2.8,5.5,0,,,5.9,38.9,1027,
2019-12-11 00:00:00,-1,-4.8,2.8,3.5,,,5.2,33,1017.2,
2019-12-12 00:00:00,1.9,-2.9,4.2,2.8,,,9.1,28,1006.4,
2019-12-13 00:00:00,2.2,-2.9,5.2,8.3,,,16.2,50,990.8,
2019-12-14 00:00:00,7,2.6,9.6,1,,,21.1,70,1002.2,
2019-12-15 00:00:00,10.2,6.1,13.8,0,,,15.3,60,1008.8,
2019-12-16 00:00:00,2.8,0.2,7.2,0,,,5,13,1011.9,
2019-12-17 00:00:00,2.8,0.2,7,0,,,4.4,14,1010.2,
2019-12-18 00:00:00,4.8,0.1,11.1,0,,,5.6,17,1019,
2019-12-19 00:00:00,2.4,-0.8,7.2,0,,,4.5,17,1015.2,
2019-12-20 00:00:00,3.6,-0.6,8.9,5.5,,,9.3,43,998.4,
2019-12-21 00:00:00,4.9,1,7.6,1.3,,,6.9,31,996.4,
2019-12-22 00:00:00,5.6,3.4,7.4,10.6,,,15.3,56,994.1,
2019-12-23 00:00:00,5.5,4.8,6.4,10,,,15.5,44,1013.3,
2019-12-24 00:00:00,5.8,3.6,8.4,8.3,,,14.1,60,1019.8,
2019-12-25 00:00:00,6.4,3.3,7.9,5.7,,,15.9,54,1023,
2019-12-26 00:00:00,2.7,0.9,4.8,1.8,,,7.1,39,1026.9,
2019-12-27 00:00:00,5.8,4.4,6.7,12.7,,,8.9,34,1027.4,
2019-12-28 00:00:00,3.1,0,5.9,0,,,11.5,40,1038.1,
2019-12-29 00:00:00,-0.2,-1.9,1.5,0,,,10.4,26,1039.2,
2019-12-30 00:00:00,-0.6,-2.6,1.6,0,,,5.6,23,1036.8,
2019-12-31 00:00:00,-0.7,-1.5,-0.3,0,,,5.5,19,1036.3,
2020-01-01 00:00:00,-1.1,-1.9,-0.5,0,,,5.2,14.8,1035.3,
2020-01-02 00:00:00,-0.9,-1.8,0.4,0,,,6.8,18,1033,
2020-01-03 00:00:00,2.9,-0.6,6.3,0.1,,,10.5,31,1029.7,
2020-01-04 00:00:00,5.3,3.4,7,0.3,,,7.9,31,1033.2,
2020-01-05 00:00:00,1.7,-2.8,6.3,0,,,6.8,24,1037,
2020-01-06 00:00:00,-0.4,-2.5,2.8,0,,,5.8,15,1032.2,
2020-01-07 00:00:00,2.2,-2.6,5.8,0,,,8,27,1031.9,
2020-01-08 00:00:00,2.1,-2.2,6.9,0,,,6.8,17,1032.2,
2020-01-09 00:00:00,4.8,0.3,11.1,0,,,8.5,28,1024.6,
2020-01-10 00:00:00,7.5,3.1,10.2,0,,,14.2,71,1023.9,
2020-01-11 00:00:00,3.7,-2.1,7.2,0.2,,,6,23,1033.4,
2020-01-12 00:00:00,0.4,-4.2,4.6,0,,,5.2,26,1031,
2020-01-13 00:00:00,-0.1,-3.8,5.6,0,,,3.4,17,1025.6,
2020-01-14 00:00:00,2.4,-4.1,9.5,0,,,9.1,39,1020.8,
2020-01-15 00:00:00,4.3,-3.8,11.5,,,,9,44,1023.2,
2020-01-16 00:00:00,5.4,-0.4,11.1,0,,,6,20.4,1028.8,
2020-01-17 00:00:00,2.6,-2.5,7.5,2.9,,,7.7,31,1024.6,
2020-01-18 00:00:00,4,-0.9,6.6,0.4,,,7.6,27,1028.8,
2020-01-19 00:00:00,-0.2,-4.7,3.7,0.3,,,8.4,32,1036.2,
2020-01-20 00:00:00,0.9,-1.6,3.4,0,,,20.2,50,1043.3,
2020-01-21 00:00:00,-1.8,-5,1.6,0,,,6.5,24.1,1041.8,
2020-01-22 00:00:00,-2.5,-5.6,-1.1,0,,,5.4,27,1037,
2020-01-23 00:00:00,-2.3,-2.8,-1.7,0,,,11.3,33,1032.4,
2020-01-24 00:00:00,-1,-2.5,2,0,,,5.1,17,1027.7,
2020-01-25 00:00:00,-2.1,-4,0,0,,,2.9,12,1025.1,
2020-01-26 00:00:00,0.6,-2.1,5.1,0.4,,,3.6,17,1022.3,
2020-01-27 00:00:00,5.4,1.6,8.1,1.7,,,8.4,38,1016.3,
2020-01-28 00:00:00,5.2,1.1,7.5,10.3,,,20.3,67,1007.3,
2020-01-29 00:00:00,3.7,1.6,5.1,4.8,,,15.2,64,1014.9,
2020-01-30 00:00:00,5.4,1.5,9.2,5.8,,,11.7,38,1018.4,
2020-01-31 00:00:00,10.4,5.6,14.3,1.2,,,15.7,51,1017.2,
2020-02-01 00:00:00,9.8,4.6,13.3,5.8,,,15.6,67,1015.1,
2020-02-02 00:00:00,11.2,9.9,13.4,7,,,23.9,63,1017.7,
2020-02-03 00:00:00,12.8,11.7,13.8,21.2,,,28.8,80,1018.1,
2020-02-04 00:00:00,5.7,1.4,15,7.4,,,23.2,95,1017.5,
2020-02-05 00:00:00,2.9,-0.9,6.1,0,,,8.5,31,1033.6,
2020-02-06 00:00:00,0.2,-3.1,6.2,0,,,6.6,26,1033.7,
2020-02-07 00:00:00,-0.3,-5.5,6.4,,,,3.5,14,1029.3,
2020-02-08 00:00:00,0.3,-5,8.7,0,,,3.5,14,1027.5,
2020-02-09 00:00:00,5.7,-1.6,11.6,0,,,16,60,1022.7,
2020-02-10 00:00:00,10.4,7.9,12.3,,,,37.2,91,1010.4,
2020-02-11 00:00:00,5.7,2.7,10.4,7.2,,,27,89,1015.3,
2020-02-12 00:00:00,4.5,2.2,6.2,0.1,,,15.3,53,1022.8,
2020-02-13 00:00:00,3.6,-1,7.1,15.2,,,12.4,88,1015.5,
2020-02-14 00:00:00,5.9,1.9,9.3,3.2,,,10.4,50,1023.4,
2020-02-15 00:00:00,3.8,-2.3,11.8,0,,,6.4,18,1026.2,
2020-02-16 00:00:00,9,2.6,15,0,,,13.4,44,1020.1,
2020-02-17 00:00:00,9.8,6.4,13.1,4.7,,,14.3,48,1020.9,
2020-02-18 00:00:00,5.3,2.6,8.3,1,,,11.4,57,1029.9,
2020-02-19 00:00:00,4.9,2.7,6.8,4,,,17.1,55,1026.1,
2020-02-20 00:00:00,6,-0.3,11.3,0,,,9.3,33.3,1024.1,
2020-02-21 00:00:00,5.5,0.8,8.7,1.2,,,10.6,67,1030.2,
2020-02-22 00:00:00,6.1,-1.6,13.3,0,,,7.6,29.6,1031.2,
2020-02-23 00:00:00,12.4,8.3,16.3,0,,,13.9,61.1,1026.5,
2020-02-24 00:00:00,13.2,10.3,17.1,0,,,11.8,53.7,1020.9,
2020-02-25 00:00:00,8,5.3,11.2,4.6,,,17.2,62,1008.7,
2020-02-26 00:00:00,2.4,0.3,6,10.5,,,17.8,77,1007.2,
2020-02-27 00:00:00,2.4,0.1,5.8,5.9,,,19.6,103,1007.7,
2020-02-28 00:00:00,4.4,-0.2,7.9,1.1,,,11.4,61.1,1019.7,
2020-02-29 00:00:00,8.6,4,13.7,10.1,,,13.7,62,1005.8,
2020-03-01 00:00:00,8.2,4.5,13.5,9.2,,,15.5,74,1002.9,
2020-03-02 00:00:00,4.5,-0.7,7.9,3.5,,,12.8,44,995,
2020-03-03 00:00:00,4.5,0.2,7.5,0.5,,,12.6,46.3,1006,
2020-03-04 00:00:00,4.7,1.3,8.3,0,,,6.3,23,1014.6,
2020-03-05 00:00:00,5.3,2.9,7.7,18.8,,,10,35,1001.7,
2020-03-06 00:00:00,5.6,3.5,8.1,1.8,,,25.2,63,1002.3,
2020-03-07 00:00:00,4.6,0.6,8.1,0.6,,,9.3,28,1020.1,
2020-03-08 00:00:00,3.9,-2.5,10.4,0,,,7.9,25,1021.6,
2020-03-09 00:00:00,5.7,2.3,8.2,5.2,,,12.4,46,1018,
2020-03-10 00:00:00,4.9,0.9,8.4,4.9,,,15.6,44,1020.6,
2020-03-11 00:00:00,11.8,8.2,17,0.8,,,15.8,42.6,1020.6,
2020-03-12 00:00:00,11.7,7.1,15.2,0,,,12.7,47,1017.4,
2020-03-13 00:00:00,7.7,1.5,11.3,0,,,13.1,53,1021.8,
2020-03-14 00:00:00,4.8,-0.2,9.8,0,,,4.6,18,1022.5,
2020-03-15 00:00:00,5.8,-1.8,14.5,0,,,4.1,23,1019.7,
2020-03-16 00:00:00,8.2,0,17,0,,,3.4,16.7,1021.5,
2020-03-17 00:00:00,9.8,4.7,16.6,0,,,7.2,16.7,1030.1,
2020-03-18 00:00:00,9.9,0.8,18.5,0,,,3.6,19,1028.4,
2020-03-19 00:00:00,10.4,1.8,18.7,0,,,2.9,14.8,1024.1,
2020-03-20 00:00:00,10.6,4,17.2,0,,,6.2,32,1020.4,
2020-03-21 00:00:00,6.1,3.3,9.8,0,,,11.9,40,1019.3,
2020-03-22 00:00:00,4.1,1,8.1,0,,,24.6,67,1023.8,
2020-03-23 00:00:00,2.2,-2,8.1,0,,,24.2,71,1029.5,
2020-03-24 00:00:00,2,-5.2,7.9,0,,,19,66,1027.9,
2020-03-25 00:00:00,2.5,-5.4,7.5,0,,,20.1,58,1021.4,
2020-03-26 00:00:00,1.7,-2.4,5.8,0,,,13.3,49,1016.7,
2020-03-27 00:00:00,4.4,-2.9,12.2,0,,,4.3,17,1015.8,
2020-03-28 00:00:00,8,-0.3,16.6,0,,,5.2,23,1017,
2020-03-29 00:00:00,4.7,0.4,7.6,4.7,,,12.1,37,1019.4,
2020-03-30 00:00:00,2,0.7,4.2,0.9,,,21.6,51,1024.1,
2020-03-31 00:00:00,2.4,-4.3,8.6,0,,,14.9,54,1025.2,
2020-04-01 00:00:00,3.5,-3.9,10.6,0,,,7.9,35,1020.5,
2020-04-02 00:00:00,4.9,-4.1,14.4,0,,,6.3,32,1014.2,
2020-04-03 00:00:00,7.2,-1,13.4,0,,,7.5,22,1016.9,
2020-04-04 00:00:00,7.9,-1.7,15.8,0,,,9.7,41,1022.2,
2020-04-05 00:00:00,9.4,-0.1,18.7,0,,,6.8,28,1022,
2020-04-06 00:00:00,11.4,1,20.8,0,,,4.8,18,1023.2,
2020-04-07 00:00:00,12.6,2.4,22.3,0,,,10.4,48,1027.3,
2020-04-08 00:00:00,13,3.8,22,0,,,5,22,1025.1,
2020-04-09 00:00:00,13.1,5.1,22,0,,,5.8,35,1023.3,
2020-04-10 00:00:00,13.3,3.4,22.2,0,,,5.7,31,1022.7,
2020-04-11 00:00:00,13.6,4.3,22.1,0,,,4.9,30,1022.2,
2020-04-12 00:00:00,14.2,5.6,22.9,0.1,,,5.9,32,1017.6,
2020-04-13 00:00:00,15.6,9.5,21.4,0,,,10.9,51,1013.7,
2020-04-14 00:00:00,7.7,1.8,11.8,0,,,16.7,47,1022.2,
2020-04-15 00:00:00,8.5,0,18.2,0,,,9.3,23,1023.1,
2020-04-16 00:00:00,12.2,0.8,22.1,0,,,5.2,20.4,1019.1,
2020-04-17 00:00:00,15.4,6.4,23,0,,,6.5,18.5,1015.7,
2020-04-18 00:00:00,16.5,7.4,24.2,0,,,10.1,33,1015.2,
2020-04-19 00:00:00,15.8,6.8,22,0,,,12.9,42,1013,
2020-04-20 00:00:00,14.3,10.4,18.3,0.3,,,19,58,1010.1,
2020-04-21 00:00:00,13.7,9.2,18.8,0,,,16.7,45,1009.7,
2020-04-22 00:00:00,14.3,6,21.7,0,,,14.1,38,1013.4,
2020-04-23 00:00:00,13.6,5.2,21.7,0,,,6.1,21,1017.4,
2020-04-24 00:00:00,14.2,4.8,23,0,,,8.4,40,1014.4,
2020-04-25 00:00:00,15.7,9.4,21.8,0,,,6.4,27,1009.5,
2020-04-26 00:00:00,13.9,6.5,20.9,0.3,,,7.6,38,1009.3,
2020-04-27 00:00:00,16.1,10.2,22.2,0,,,8.7,33,1009.5,
2020-04-28 00:00:00,13.2,10.2,16.2,12.3,,,9.7,39,1008.4,
2020-04-29 00:00:00,11.1,8.3,16.2,7.9,,,10.8,46,1011.2,
2020-04-30 00:00:00,10.3,8.6,12.2,6.7,,,10.5,29.6,1009.7,
2020-05-01 00:00:00,9.9,8.5,12.1,6.8,,,12.6,40.8,1008.3,
2020-05-02 00:00:00,10.3,7.4,15.1,6.2,,,10.2,57,1012.6,
2020-05-03 00:00:00,10.2,2.6,16.7,0,,,5.3,24,1019,
2020-05-04 00:00:00,15,8.6,21.3,0,,,8.3,31.5,1016.6,
2020-05-05 00:00:00,11.9,9.6,14.5,14.2,,,8.6,27,1016.6,
2020-05-06 00:00:00,11.3,6.9,16.2,1.2,,,10.3,32,1021.4,
2020-05-07 00:00:00,12,1.5,21,0,,,6,25.9,1023.1,
2020-05-08 00:00:00,16.2,6.6,24.9,0,,,5.2,31,1017.5,
2020-05-09 00:00:00,18.8,11.5,26,0.2,,,5.9,23,1011.4,
2020-05-10 00:00:00,18.5,14.8,24.1,1.1,,,5.3,30,1006,
2020-05-11 00:00:00,12.6,3.3,17.3,8.5,,,11.9,40,1001.7,
2020-05-12 00:00:00,7.3,3.1,12.4,1.7,,,12.8,39,1016,
2020-05-13 00:00:00,8.8,6.1,11.7,,,,9,26,1010.5,
2020-05-14 00:00:00,9.2,7.4,11.1,6.9,,,12.4,37,1012.5,
2020-05-15 00:00:00,10.7,5.5,13.6,0.1,,,14.4,36,1015.4,
2020-05-16 00:00:00,10.9,2.3,18.5,0,,,8.1,27.8,1020.9,
2020-05-17 00:00:00,13.8,5.2,21.2,0,,,8.8,30,1020.8,
2020-05-18 00:00:00,15.8,7.7,23.1,0,,,8.1,27,1022.3,
2020-05-19 00:00:00,18.2,9.5,24.5,0,,,10.7,37,1019.4,
2020-05-20 00:00:00,19.1,10.8,23.6,0,,,14.3,36,1018.8,
2020-05-21 00:00:00,17.7,9.5,24.8,0,,,6.6,27.8,1020.4,
2020-05-22 00:00:00,18.5,9.6,26.1,0,,,4.2,22.2,1021.9,
2020-05-23 00:00:00,15.5,9.8,22,11.5,,,9.6,46,1024.6,
2020-05-24 00:00:00,12.8,7.2,18.6,0.1,,,7.7,28,1032.1,
2020-05-25 00:00:00,13.6,6.3,19.4,0,,,8.4,30,1032.1,
2020-05-26 00:00:00,14.4,6.3,20.1,0,,,13.5,37,1031.9,
2020-05-27 00:00:00,15.2,6.5,21.9,0,,,12.5,36,1030.8,
2020-05-28 00:00:00,14.5,6.6,21.8,1.3,,,7.1,58,1027.4,
2020-05-29 00:00:00,14.9,6.3,19.6,0,,,24,57,1023,
2020-05-30 00:00:00,14.2,6.7,19.4,0,,,16.1,43,1019.3,
2020-05-31 00:00:00,14.4,6.6,20.4,0,,,14.7,44,1018.2,
2020-06-01 00:00:00,17.3,8.4,24.7,0,,,13.1,34,1017.8,
2020-06-02 00:00:00,18.1,8.3,25.5,0,,,8.6,36,1015.3,
2020-06-03 00:00:00,18.2,10.1,25.6,0,,,8.4,48,1006.8,
2020-06-04 00:00:00,14.4,12,16.4,21.1,,,9.4,27,999.5,
2020-06-05 00:00:00,12.9,10.6,15.7,11.3,,,15.6,53,1002.3,
2020-06-06 00:00:00,15.8,12.3,19.3,3.3,,,16.3,61,1005.2,
2020-06-07 00:00:00,12.1,10.6,14.4,10.1,,,7.1,24,1010,
2020-06-08 00:00:00,14.1,9.6,20.1,2.3,,,11.6,47,1011.9,
2020-06-09 00:00:00,12.9,11.3,16.4,3.1,,,10.4,25,1013.3,
2020-06-10 00:00:00,13.8,12.3,16.2,4.4,,,9,32,1012.6,
2020-06-11 00:00:00,15.4,12.4,20,0.3,,,7.7,33,1009,
2020-06-12 00:00:00,18.3,9.2,27.7,0,,,10.4,33,1005.3,
2020-06-13 00:00:00,17.6,13.4,24.9,7.6,,,11.5,68,1010.8,
2020-06-14 00:00:00,14.4,12.9,16.9,5.3,,,8,29,1017.2,
2020-06-15 00:00:00,16.4,12.2,19.8,0,,,5.7,22,1018.2,
2020-06-16 00:00:00,16.8,14,20.9,0,,,8.6,29,1016.1,
2020-06-17 00:00:00,14.6,13,16.4,13.6,,,9.6,43,1012.7,
2020-06-18 00:00:00,14.6,8.8,21.5,1.2,,,6,40,1014.6,
2020-06-19 00:00:00,13.6,11.1,16.6,4.5,,,7.2,34,1019,
2020-06-20 00:00:00,16,11.3,20.5,0,,,6.4,29,1021.2,
2020-06-21 00:00:00,18.6,13.6,24.3,0,,,5.9,28,1021.1,
2020-06-22 00:00:00,19.5,13.5,25.1,0,,,5.9,23,1023.2,
2020-06-23 00:00:00,20.8,13.5,26.6,0,,,15,36,1021.8,
2020-06-24 00:00:00,21.1,12.6,27.3,0,,,13.3,35.2,1019.3,
2020-06-25 00:00:00,20.7,12.1,27.3,0,,,8.3,25,1016.7,
2020-06-26 00:00:00,20,15.1,27.2,0.4,,,8.4,60,1014.4,
2020-06-27 00:00:00,20.5,14,27,0.5,,,8.4,35,1014.5,
2020-06-28 00:00:00,20.1,15.6,25.3,1.4,,,9.2,44,1016.1,
2020-06-29 00:00:00,17.5,14.4,23.5,21,,,7.9,32,1015.7,
2020-06-30 00:00:00,18.7,11.2,25.3,0,,,7.9,30,1014.1,
2020-07-01 00:00:00,22,14.5,29.9,0,,,8.8,33,1010.8,
2020-07-02 00:00:00,20,17.5,23.4,4.1,,,11.4,39,1013.6,
2020-07-03 00:00:00,17.8,14.3,20,0,,,6.4,24,1018.7,
2020-07-04 00:00:00,18.5,12,24.7,0,,,6.6,28,1020.3,
2020-07-05 00:00:00,21.1,14.4,27.2,0,,,10.5,33.3,1018.3,
2020-07-06 00:00:00,18.8,13.6,22.6,0,,,12.9,49,1017.3,
2020-07-07 00:00:00,16.1,7.9,23,0,,,7.9,28,1020.1,
2020-07-08 00:00:00,18.7,9,26.8,0,,,7.8,34,1018,
2020-07-09 00:00:00,21.8,12.3,30.2,0,,,8.2,31,1016.2,
2020-07-10 00:00:00,22.5,15.2,29.2,4.7,,,10.9,38.9,1013.5,
2020-07-11 00:00:00,17.4,14.8,19.5,24.2,,,8.5,24,1020.7,
2020-07-12 00:00:00,17.6,9.9,23.8,0,,,14.2,37,1023.2,
2020-07-13 00:00:00,18.3,10.5,24.7,0,,,8.9,35,1020.1,
2020-07-14 00:00:00,18.9,11,25.6,0,,,6.2,28,1015.1,
2020-07-15 00:00:00,17.3,15.4,20.1,0.2,,,6.8,33,1014.6,
2020-07-16 00:00:00,15.7,14.8,17.7,4.8,,,7.8,30,1019,
2020-07-17 00:00:00,16.6,14,19.5,11.4,,,5.2,23,1019.5,
2020-07-18 00:00:00,17.7,10.6,24.1,0,,,9.6,35,1018.9,
2020-07-19 00:00:00,19,9.8,26.6,0,,,5.9,26,1016.5,
2020-07-20 00:00:00,21.4,12.2,29.1,0,,,4.6,27,1016.3,
2020-07-21 00:00:00,21.3,13.7,28,0,,,7.9,27,1018.8,
2020-07-22 00:00:00,22,15.4,28,0,,,8.3,26,1018.5,
2020-07-23 00:00:00,22.3,17,28.1,0,,,8.2,31,1015,
2020-07-24 00:00:00,18.1,14.1,22.7,2.4,,,7.4,39,1014.1,
2020-07-25 00:00:00,20.6,13.8,28.3,0,,,7,28,1014,
2020-07-26 00:00:00,20.9,16.8,26.6,1.8,,,8.9,38,1013.8,
2020-07-27 00:00:00,22.3,13.2,31.4,0,,,7.5,40,1015.4,
2020-07-28 00:00:00,24.1,19.4,30.7,2.1,,,9.3,47,1013.3,
2020-07-29 00:00:00,22.1,16.4,28.1,0,,,6.7,21,1017.8,
2020-07-30 00:00:00,23,13.6,32.3,0,,,5.4,18,1017.7,
2020-07-31 00:00:00,26,16.1,35.4,0,,,5.4,25,1015.3,
2020-08-01 00:00:00,25.5,19.5,32.5,0,,,10.6,31,1014.1,
2020-08-02 00:00:00,19.8,17.4,24.2,19.7,,,7.4,65,1014.9,
2020-08-03 00:00:00,16.3,13.7,19.3,19.7,,,6.2,39,1012.5,
2020-08-04 00:00:00,14.3,11.7,16.9,15.1,,,6,31,1016.2,
2020-08-05 00:00:00,16.1,9,22.8,0.1,,,10.9,41,1018.2,
2020-08-06 00:00:00,18.7,10.9,26.6,0,,,7.4,26,1018.9,
2020-08-07 00:00:00,21.3,13,29.2,0,,,5,22,1019.1,
2020-08-08 00:00:00,22.3,13.9,29.6,0,,,6.3,33,1019.5,
2020-08-09 00:00:00,22.4,14.3,30.1,0,,,6,27,1017.2,
2020-08-10 00:00:00,22.8,15.6,31.5,0,,,4.6,40,1014.1,
2020-08-11 00:00:00,24.6,18.3,31.6,0,,,7,26,1015,
2020-08-12 00:00:00,24.3,17,31.2,0,,,4.5,31,1014.5,
2020-08-13 00:00:00,22,17.7,26.2,0.2,,,8.9,45,1014.8,
2020-08-14 00:00:00,20.6,17.5,24.2,0,,,6.9,24,1015.5,
2020-08-15 00:00:00,21.4,14,27.7,0,,,5.1,16.7,1014.2,
2020-08-16 00:00:00,21.6,13.7,29.7,0,,,5.6,21,1010.6,
2020-08-17 00:00:00,19.7,16.8,24,18.2,,,8.2,73,1012.4,
2020-08-18 00:00:00,19.5,13.8,24.2,0,,,8.5,27,1013.3,
2020-08-19 00:00:00,19.9,13.3,25.4,0,,,4.8,16,1011.7,
2020-08-20 00:00:00,23.7,17.4,32,0,,,4.3,18,1010.2,
2020-08-21 00:00:00,24.7,15.5,33.4,0,,,6.9,36,1012.1,
2020-08-22 00:00:00,20.8,18.4,23,6.5,,,8.3,38,1018.4,
2020-08-23 00:00:00,19.3,16,23.4,0,,,9.4,35,1019.4,
2020-08-24 00:00:00,18.1,13.4,23.2,0,,,6.9,31,1018.1,
2020-08-25 00:00:00,17.9,9.6,25.6,0,,,6.3,22,1014.9,
2020-08-26 00:00:00,22.5,17.7,26.9,0,,,15.5,53.7,1014.7,
2020-08-27 00:00:00,17.6,10.4,24.7,0,,,4.6,21,1016.9,
2020-08-28 00:00:00,17.4,12.3,24.2,5.1,,,8.6,34,1007.7,
2020-08-29 00:00:00,14.2,13.5,15,7,,,5.9,27,1007.7,
2020-08-30 00:00:00,12.2,10.1,13.6,45,,,9.6,52,1010.4,
2020-08-31 00:00:00,13.8,9.1,19.4,0,,,5.9,25,1017.5,
2020-09-01 00:00:00,14.4,10.7,17.4,0,,,7.6,24,1016.7,
2020-09-02 00:00:00,14.8,10.4,20.3,0,,,7,27,1017.6,
2020-09-03 00:00:00,15.3,8.2,23,0,,,4.6,32,1022.6,
2020-09-04 00:00:00,18.1,9.6,27.1,0,,,4,14.8,1024.3,
2020-09-05 00:00:00,20.3,14.1,26.7,0,,,8.8,35,1018.3,
2020-09-06 00:00:00,15.8,13.6,17.4,0.6,,,7.5,26,1018.8,
2020-09-07 00:00:00,15.3,10.9,20.8,0,,,10.9,44,1022.1,
2020-09-08 00:00:00,14.8,7.9,23.3,0,,,5.1,27,1026.9,
2020-09-09 00:00:00,16.8,8.5,25.8,0,,,4.2,20,1023.7,
2020-09-10 00:00:00,17.7,11.1,25.1,0,,,7.6,28,1019.4,
2020-09-11 00:00:00,17.9,11.9,24.9,0,,,7.8,30,1016.5,
2020-09-12 00:00:00,18.2,11.2,26,0,,,2.9,13,1019.7,
2020-09-13 00:00:00,18.5,11.1,27.1,0,,,6.3,27,1025,
2020-09-14 00:00:00,19.2,11.7,28.4,0,,,3.1,13,1024.7,
2020-09-15 00:00:00,20.5,13.1,28.9,0,,,4.3,24,1021.2,
2020-09-16 00:00:00,19.3,13.4,27.3,,,,3.1,14.8,1019.5,
2020-09-17 00:00:00,19.4,13.2,25.9,,,,12.2,51,1019.8,
2020-09-18 00:00:00,18.4,15.1,21.4,0,,,12.1,30,1020.5,
2020-09-19 00:00:00,16.1,11.1,21.9,0,,,6.1,22,1018.3,
2020-09-20 00:00:00,17.9,11.9,24.5,0,,,5.4,18,1014.3,
2020-09-21 00:00:00,19,13.6,24.4,0,,,5.4,18,1014.8,
2020-09-22 00:00:00,18.8,14.7,23.5,0,,,6.2,19,1012.1,
2020-09-23 00:00:00,16.6,11.7,20.1,1.1,,,6.1,29,1010,
2020-09-24 00:00:00,16.1,11.5,20.4,7.3,,,7.5,48,1007.8,
2020-09-25 00:00:00,10.1,7.7,13.8,12.8,,,12.1,49,1004,
2020-09-26 00:00:00,7.6,6.7,9.2,6.3,,,19.9,55.5,1006,
2020-09-27 00:00:00,8.7,6.4,12.1,1.2,,,12.5,46,1005.9,
2020-09-28 00:00:00,9.6,4.4,14.8,0,,,6.8,25,1012.3,
2020-09-29 00:00:00,11.3,10.1,13,6.9,,,8.4,33,1019.3,
2020-09-30 00:00:00,11.2,7.7,16.8,0,,,3.8,14.8,1016.8,
2020-10-01 00:00:00,12.9,7.9,17.4,0.2,,,6.6,35,1008,
2020-10-02 00:00:00,13.5,10.2,17.1,0,,,9.5,35.2,992.6,
2020-10-03 00:00:00,10,6.7,13.6,15.2,,,11,46,993.9,
2020-10-04 00:00:00,12.1,7.1,16.6,0.6,,,10.8,50,1000.1,
2020-10-05 00:00:00,11,8.6,13.1,3.6,,,13.7,50,1008.3,
2020-10-06 00:00:00,12.2,10.2,16.7,7.9,,,18.2,60,1010.8,
2020-10-07 00:00:00,11,9.5,13.1,1.2,,,13.2,50,1017.4,
2020-10-08 00:00:00,12.7,8,18.2,0,,,8.3,31,1023.7,
2020-10-09 00:00:00,13.3,9.3,17.9,0,,,7.4,22.2,1022.2,
2020-10-10 00:00:00,11.2,8.4,13.1,7.3,,,6,37,1022.4,
2020-10-11 00:00:00,7.7,5.6,10.5,5.7,,,5.5,39,1021.9,
2020-10-12 00:00:00,6.1,1.7,9.1,0,,,3.3,17,1021.9,
2020-10-13 00:00:00,7.1,4.8,11.2,0,,,8.6,30,1014.3,
2020-10-14 00:00:00,6.7,3.4,11.5,0,,,12.7,39,1012.8,
2020-10-15 00:00:00,6.3,3.2,8.2,0.7,,,8,27.8,1014.3,
2020-10-16 00:00:00,7.9,6.6,9.1,2.6,,,3.6,14.8,1017.5,
2020-10-17 00:00:00,8,5.8,10.3,0.5,,,6.4,19,1019.4,
2020-10-18 00:00:00,8.1,6,11.3,0,,,4.6,14,1023.2,
2020-10-19 00:00:00,6.2,3.1,11.8,0,,,3.5,14,1023.7,
2020-10-20 00:00:00,6.8,2.4,13.6,0,,,5.2,17,1018.6,
2020-10-21 00:00:00,9.6,5.9,13.4,0,,,5,18,1013.7,
2020-10-22 00:00:00,11.1,5.4,17.5,2.2,,,4.5,22,1018.6,
2020-10-23 00:00:00,12.6,11.6,13.4,28.2,,,5.1,20.4,1016.7,
2020-10-24 00:00:00,12,7.1,16.1,0.8,,,8.8,30,1018.9,
2020-10-25 00:00:00,8.9,4.2,15.3,0,,,4,15,1011.8,
2020-10-26 00:00:00,7,4.7,10.8,18.9,,,11.2,35,1009.2,
2020-10-27 00:00:00,7.3,4.7,12.3,0.2,,,10,37,1013.6,
2020-10-28 00:00:00,9.8,7.8,13.9,4.2,,,11,38,1016.7,
2020-10-29 00:00:00,10.9,9.9,12.1,7.5,,,13.3,46,1022.4,
2020-10-30 00:00:00,11.2,6.2,15.6,0,,,9.9,26,1026.5,
2020-10-31 00:00:00,6.3,3.5,9.5,0.1,,,3.8,15,1026,
2020-11-01 00:00:00,9.6,5.5,13.4,2.9,,,6.6,18,1022.6,
2020-11-02 00:00:00,16,11.9,21.8,0,,,7.4,26,1019.5,
2020-11-03 00:00:00,12,8.7,14.9,4.3,,,9,32,1024.7,
2020-11-04 00:00:00,7.4,6.5,8.6,2.5,,,10.7,35,1030.2,
2020-11-05 00:00:00,8.6,7.1,9.9,0,,,9.2,31,1034.7,
2020-11-06 00:00:00,7.6,6.1,9.1,0,,,9.5,24,1032.5,
2020-11-07 00:00:00,7,4.6,9.9,0,,,6.6,17,1028.5,
2020-11-08 00:00:00,6.3,3,9.8,0,,,4.3,14,1026.6,
2020-11-09 00:00:00,5.5,2.8,10.9,0,,,4.2,13,1026.4,
2020-11-10 00:00:00,4.8,3.1,7.6,0.1,,,3.3,13,1028.4,
2020-11-11 00:00:00,5.8,4.7,7.1,0.1,,,4.1,13,1027.2,
2020-11-12 00:00:00,9,4.5,14.5,0,,,6.9,20.4,1023.6,
2020-11-13 00:00:00,6.7,1.2,14.2,0,,,3.4,15,1023.8,
2020-11-14 00:00:00,5.8,0,14,0,,,3.8,14,1022.9,
2020-11-15 00:00:00,5.9,-0.2,14,,,,6.3,48,1018,
2020-11-16 00:00:00,9.1,4.8,12.5,6.5,,,10,42,1021.7,
2020-11-17 00:00:00,6.8,2.7,11.7,,,,4,14,1030.2,
2020-11-18 00:00:00,2.9,0,9,0,,,4.5,13,1029.6,
2020-11-19 00:00:00,6.1,2,11,2.4,,,10.3,46,1028.2,
2020-11-20 00:00:00,4.9,0.6,6.5,,,,8.2,27,1034.4,
2020-11-21 00:00:00,0.2,-3.4,5,,,,6.1,16.7,1035.8,
2020-11-22 00:00:00,-1.2,-4.7,3.2,0,,,2.2,14,1032.2,
2020-11-23 00:00:00,2,-2,8.1,0,,,4.2,14,1031.2,
2020-11-24 00:00:00,2.6,-1.4,4.5,0,,,4.2,17,1027.3,
2020-11-25 00:00:00,1.7,0.7,2.5,0,,,4.3,13,1024,
2020-11-26 00:00:00,1.6,1,2.5,0,,,4.4,14,1025.7,
2020-11-27 00:00:00,0.7,0.2,1.5,0,,,3.8,13,1023.3,
2020-11-28 00:00:00,1.2,0.6,2.1,,,,9.9,27.8,1020.3,
2020-11-29 00:00:00,1.2,0.1,2.7,0,,,14.3,35,1023.2,
2020-11-30 00:00:00,0.3,-1.2,1.1,0,,,8.1,22,1027.3,
2020-12-01 00:00:00,0.7,-0.5,1.5,7.6,,,7.3,22.2,1019.7,
2020-12-02 00:00:00,0.9,-0.2,1.7,0,,,8.5,28,1016.3,
2020-12-03 00:00:00,0.2,-3,4.2,0,,,6.3,33,1007.9,
2020-12-04 00:00:00,-0.2,-1.7,1.7,,,,5.6,19,992.6,
2020-12-05 00:00:00,1.5,0,2.6,,,,6.1,20,999.5,
2020-12-06 00:00:00,1.1,0,2.6,12.4,,,4.2,13,1000.8,
2020-12-07 00:00:00,0.7,0,2.2,5.3,,,5.6,14.8,1002.6,
2020-12-08 00:00:00,0.5,-0.7,1.5,0,,,6,15,1003.4,
2020-12-09 00:00:00,0.7,0,1.7,4.2,,,3.8,20,1010.8,
2020-12-10 00:00:00,0.2,-1,1.2,0,,,4.3,17,1008.7,
2020-12-11 00:00:00,-0.7,-3.5,1,0,,,5.9,18,1003.3,
2020-12-12 00:00:00,3.5,-0.2,5.7,,,,7.8,26,1002,
2020-12-13 00:00:00,4.7,2.6,6.1,4.4,,,6.2,21,1014,
2020-12-14 00:00:00,1.3,-1.2,3.6,0,,,4.2,13,1016.7,
2020-12-15 00:00:00,3.1,0.7,5.7,0.1,,,5.6,14,1016.9,
2020-12-16 00:00:00,3.3,1,4.5,0,,,5.5,16,1020.5,
2020-12-17 00:00:00,4.1,1.2,7.1,0,,,7,22,1025.9,
2020-12-18 00:00:00,2.4,0.2,3.5,,,,3.9,15,1027.2,
2020-12-19 00:00:00,0.3,-1,1.5,0,,,3.8,13,1024.1,
2020-12-20 00:00:00,2.2,-0.2,5.7,,,,6.3,17,1024.5,
2020-12-21 00:00:00,4,0.5,7,8.6,,,6.6,26,1025.3,
2020-12-22 00:00:00,10.7,6.7,13.6,3,,,17.4,49,1022.7,
2020-12-23 00:00:00,9.6,6.1,12.6,3.7,,,12.2,38,1018.3,
2020-12-24 00:00:00,7,4.2,9.1,14.4,,,18.6,62,1014.5,
2020-12-25 00:00:00,2,-0.2,3.5,0.7,,,10.9,40,1020.8,
2020-12-26 00:00:00,-1.3,-3.9,2.1,,,,5.6,17,1027.3,
2020-12-27 00:00:00,-1.8,-5.4,0.7,0,,,9.4,28,1005.3,
2020-12-28 00:00:00,1.1,-1.2,3,2.1,,,7.3,29,984.6,
2020-12-29 00:00:00,3.3,-0.2,6.6,1.4,,,14.3,50,993.9,
2020-12-30 00:00:00,2,-0.2,4.2,0.8,,,6.8,28,1006.4,
2020-12-31 00:00:00,0.7,-2.2,3.2,3.1,,,7.7,26,1008.5,
